{
    "loss": 1.0142464637756348,
    "accuracy": 0.59375
}